barcode_nr	fw_name	fw_barcode	fw_pad2	rv_name	rv_barcode	rv_pad2	barcode_type
barcode1	BC01	AAGAAAGTTGTCGGTGTCTTTGTG	CAGCACCT	BC01	AAGAAAGTTGTCGGTGTCTTTGTG	CAGCACCT	nanopore_native
barcode2	BC02	TCGATTCCGTTTGTAGTCGTCTGT	CAGCACCT	BC02	TCGATTCCGTTTGTAGTCGTCTGT	CAGCACCT	nanopore_native
barcode3	BC03	GAGTCTTGTGTCCCAGTTACCAGG	CAGCACCT	BC03	GAGTCTTGTGTCCCAGTTACCAGG	CAGCACCT	nanopore_native
barcode4	BC04	TTCGGATTCTATCGTGTTTCCCTA	CAGCACCT	BC04	TTCGGATTCTATCGTGTTTCCCTA	CAGCACCT	nanopore_native
barcode5	BC05	CTTGTCCAGGGTTTGTGTAACCTT	CAGCACCT	BC05	CTTGTCCAGGGTTTGTGTAACCTT	CAGCACCT	nanopore_native
barcode6	BC06	TTCTCGCAAAGGCAGAAAGTAGTC	CAGCACCT	BC06	TTCTCGCAAAGGCAGAAAGTAGTC	CAGCACCT	nanopore_native
barcode7	BC07	GTGTTACCGTGGGAATGAATCCTT	CAGCACCT	BC07	GTGTTACCGTGGGAATGAATCCTT	CAGCACCT	nanopore_native
barcode8	BC08	TTCAGGGAACAAACCAAGTTACGT	CAGCACCT	BC08	TTCAGGGAACAAACCAAGTTACGT	CAGCACCT	nanopore_native
barcode9	BC09	AACTAGGCACAGCGAGTCTTGGTT	CAGCACCT	BC09	AACTAGGCACAGCGAGTCTTGGTT	CAGCACCT	nanopore_native
barcode10	BC10	AAGCGTTGAAACCTTTGTCCTCTC	CAGCACCT	BC10	AAGCGTTGAAACCTTTGTCCTCTC	CAGCACCT	nanopore_native
barcode11	BC11	GTTTCATCTATCGGAGGGAATGGA	CAGCACCT	BC11	GTTTCATCTATCGGAGGGAATGGA	CAGCACCT	nanopore_native
barcode12	BC12	CAGGTAGAAAGAAGCAGAATCGGA	CAGCACCT	BC12	CAGGTAGAAAGAAGCAGAATCGGA	CAGCACCT	nanopore_native
barcode13	BC13	AGAACGACTTCCATACTCGTGTGA	CAGCACCT	BC13	AGAACGACTTCCATACTCGTGTGA	CAGCACCT	nanopore_native
barcode14	BC14	AACGAGTCTCTTGGGACCCATAGA	CAGCACCT	BC14	AACGAGTCTCTTGGGACCCATAGA	CAGCACCT	nanopore_native
barcode15	BC15	AGGTCTACCTCGCTAACACCACTG	CAGCACCT	BC15	AGGTCTACCTCGCTAACACCACTG	CAGCACCT	nanopore_native
barcode16	BC16	CGTCAACTGACAGTGGTTCGTACT	CAGCACCT	BC16	CGTCAACTGACAGTGGTTCGTACT	CAGCACCT	nanopore_native
barcode17	BC17	ACCCTCCAGGAAAGTACCTCTGAT	CAGCACCT	BC17	ACCCTCCAGGAAAGTACCTCTGAT	CAGCACCT	nanopore_native
barcode18	BC18	CCAAACCCAACAACCTAGATAGGC	CAGCACCT	BC18	CCAAACCCAACAACCTAGATAGGC	CAGCACCT	nanopore_native
barcode19	BC19	GTTCCTCGTGCAGTGTCAAGAGAT	CAGCACCT	BC19	GTTCCTCGTGCAGTGTCAAGAGAT	CAGCACCT	nanopore_native
barcode20	BC20	TTGCGTCCTGTTACGAGAACTCAT	CAGCACCT	BC20	TTGCGTCCTGTTACGAGAACTCAT	CAGCACCT	nanopore_native
barcode21	BC21	GAGCCTCTCATTGTCCGTTCTCTA	CAGCACCT	BC21	GAGCCTCTCATTGTCCGTTCTCTA	CAGCACCT	nanopore_native
barcode22	BC22	ACCACTGCCATGTATCAAAGTACG	CAGCACCT	BC22	ACCACTGCCATGTATCAAAGTACG	CAGCACCT	nanopore_native
barcode23	BC23	CTTACTACCCAGTGAACCTCCTCG	CAGCACCT	BC23	CTTACTACCCAGTGAACCTCCTCG	CAGCACCT	nanopore_native
barcode24	BC24	GCATAGTTCTGCATGATGGGTTAG	CAGCACCT	BC24	GCATAGTTCTGCATGATGGGTTAG	CAGCACCT	nanopore_native
barcode25	lu_pcr_i2_fw_v7	GCTGTACGGATT	CAAGCAGA	lu_pcr_i1_rv_v7	TACAGCGCATAC	AATGATAC	longread_umi
barcode26	lu_pcr_i1_fw_v7	ACGAGACTGATT	CAAGCAGA	lu_pcr_i1_rv_v7	TACAGCGCATAC	AATGATAC	longread_umi
barcode27	lu_pcr_i3_fw_v7	ATCACCAGGTGT	CAAGCAGA	lu_pcr_i1_rv_v7	TACAGCGCATAC	AATGATAC	longread_umi
barcode28	lu_pcr_i4_fw_v7	TGGTCAACGATA	CAAGCAGA	lu_pcr_i1_rv_v7	TACAGCGCATAC	AATGATAC	longread_umi
barcode29	lu_pcr_i5_fw_v7	ATCGCACAGTAA	CAAGCAGA	lu_pcr_i1_rv_v7	TACAGCGCATAC	AATGATAC	longread_umi
barcode30	lu_pcr_i6_fw_v7	GTCGTGTAGCCT	CAAGCAGA	lu_pcr_i1_rv_v7	TACAGCGCATAC	AATGATAC	longread_umi
barcode31	lu_pcr_i7_fw_v7	AGCGGAGGTTAG	CAAGCAGA	lu_pcr_i1_rv_v7	TACAGCGCATAC	AATGATAC	longread_umi
barcode32	lu_pcr_i8_fw_v7	ATCCTTTGGTTC	CAAGCAGA	lu_pcr_i1_rv_v7	TACAGCGCATAC	AATGATAC	longread_umi
barcode33	lu_pcr_i1_fw_v7	ACGAGACTGATT	CAAGCAGA	lu_pcr_i2_rv_v7	ACCGGTATGTAC	AATGATAC	longread_umi
barcode34	lu_pcr_i2_fw_v7	GCTGTACGGATT	CAAGCAGA	lu_pcr_i2_rv_v7	ACCGGTATGTAC	AATGATAC	longread_umi
barcode35	lu_pcr_i3_fw_v7	ATCACCAGGTGT	CAAGCAGA	lu_pcr_i2_rv_v7	ACCGGTATGTAC	AATGATAC	longread_umi
barcode36	lu_pcr_i4_fw_v7	TGGTCAACGATA	CAAGCAGA	lu_pcr_i2_rv_v7	ACCGGTATGTAC	AATGATAC	longread_umi
barcode37	lu_pcr_i5_fw_v7	ATCGCACAGTAA	CAAGCAGA	lu_pcr_i2_rv_v7	ACCGGTATGTAC	AATGATAC	longread_umi
barcode38	lu_pcr_i6_fw_v7	GTCGTGTAGCCT	CAAGCAGA	lu_pcr_i2_rv_v7	ACCGGTATGTAC	AATGATAC	longread_umi
barcode39	lu_pcr_i7_fw_v7	AGCGGAGGTTAG	CAAGCAGA	lu_pcr_i2_rv_v7	ACCGGTATGTAC	AATGATAC	longread_umi
barcode40	lu_pcr_i8_fw_v7	ATCCTTTGGTTC	CAAGCAGA	lu_pcr_i2_rv_v7	ACCGGTATGTAC	AATGATAC	longread_umi
barcode41	lu_pcr_i1_fw_v7	ACGAGACTGATT	CAAGCAGA	lu_pcr_i3_rv_v7	AATTGTGTCGGA	AATGATAC	longread_umi
barcode42	lu_pcr_i2_fw_v7	GCTGTACGGATT	CAAGCAGA	lu_pcr_i3_rv_v7	AATTGTGTCGGA	AATGATAC	longread_umi
barcode43	lu_pcr_i3_fw_v7	ATCACCAGGTGT	CAAGCAGA	lu_pcr_i3_rv_v7	AATTGTGTCGGA	AATGATAC	longread_umi
barcode44	lu_pcr_i4_fw_v7	TGGTCAACGATA	CAAGCAGA	lu_pcr_i3_rv_v7	AATTGTGTCGGA	AATGATAC	longread_umi
barcode45	lu_pcr_i5_fw_v7	ATCGCACAGTAA	CAAGCAGA	lu_pcr_i3_rv_v7	AATTGTGTCGGA	AATGATAC	longread_umi
barcode46	lu_pcr_i6_fw_v7	GTCGTGTAGCCT	CAAGCAGA	lu_pcr_i3_rv_v7	AATTGTGTCGGA	AATGATAC	longread_umi
barcode47	lu_pcr_i7_fw_v7	AGCGGAGGTTAG	CAAGCAGA	lu_pcr_i3_rv_v7	AATTGTGTCGGA	AATGATAC	longread_umi
barcode48	lu_pcr_i8_fw_v7	ATCCTTTGGTTC	CAAGCAGA	lu_pcr_i3_rv_v7	AATTGTGTCGGA	AATGATAC	longread_umi
barcode49	lu_pcr_i1_fw_v7	ACGAGACTGATT	CAAGCAGA	lu_pcr_i4_rv_v7	TGCATACACTGG	AATGATAC	longread_umi
barcode50	lu_pcr_i2_fw_v7	GCTGTACGGATT	CAAGCAGA	lu_pcr_i4_rv_v7	TGCATACACTGG	AATGATAC	longread_umi
barcode51	lu_pcr_i3_fw_v7	ATCACCAGGTGT	CAAGCAGA	lu_pcr_i4_rv_v7	TGCATACACTGG	AATGATAC	longread_umi
barcode52	lu_pcr_i4_fw_v7	TGGTCAACGATA	CAAGCAGA	lu_pcr_i4_rv_v7	TGCATACACTGG	AATGATAC	longread_umi
barcode53	lu_pcr_i5_fw_v7	ATCGCACAGTAA	CAAGCAGA	lu_pcr_i4_rv_v7	TGCATACACTGG	AATGATAC	longread_umi
barcode54	lu_pcr_i6_fw_v7	GTCGTGTAGCCT	CAAGCAGA	lu_pcr_i4_rv_v7	TGCATACACTGG	AATGATAC	longread_umi
barcode55	lu_pcr_i7_fw_v7	AGCGGAGGTTAG	CAAGCAGA	lu_pcr_i4_rv_v7	TGCATACACTGG	AATGATAC	longread_umi
barcode56	lu_pcr_i8_fw_v7	ATCCTTTGGTTC	CAAGCAGA	lu_pcr_i4_rv_v7	TGCATACACTGG	AATGATAC	longread_umi
barcode57	lu_pcr_i1_fw_v7	ACGAGACTGATT	CAAGCAGA	lu_pcr_i5_rv_v7	AGTCGAACGAGG	AATGATAC	longread_umi
barcode58	lu_pcr_i2_fw_v7	GCTGTACGGATT	CAAGCAGA	lu_pcr_i5_rv_v7	AGTCGAACGAGG	AATGATAC	longread_umi
barcode59	lu_pcr_i3_fw_v7	ATCACCAGGTGT	CAAGCAGA	lu_pcr_i5_rv_v7	AGTCGAACGAGG	AATGATAC	longread_umi
barcode60	lu_pcr_i4_fw_v7	TGGTCAACGATA	CAAGCAGA	lu_pcr_i5_rv_v7	AGTCGAACGAGG	AATGATAC	longread_umi
barcode61	lu_pcr_i5_fw_v7	ATCGCACAGTAA	CAAGCAGA	lu_pcr_i5_rv_v7	AGTCGAACGAGG	AATGATAC	longread_umi
barcode62	lu_pcr_i6_fw_v7	GTCGTGTAGCCT	CAAGCAGA	lu_pcr_i5_rv_v7	AGTCGAACGAGG	AATGATAC	longread_umi
barcode63	lu_pcr_i7_fw_v7	AGCGGAGGTTAG	CAAGCAGA	lu_pcr_i5_rv_v7	AGTCGAACGAGG	AATGATAC	longread_umi
barcode64	lu_pcr_i8_fw_v7	ATCCTTTGGTTC	CAAGCAGA	lu_pcr_i5_rv_v7	AGTCGAACGAGG	AATGATAC	longread_umi
barcode65	lu_pcr_i1_fw_v7	ACGAGACTGATT	CAAGCAGA	lu_pcr_i6_rv_v7	ACCAGTGACTCA	AATGATAC	longread_umi
barcode66	lu_pcr_i2_fw_v7	GCTGTACGGATT	CAAGCAGA	lu_pcr_i6_rv_v7	ACCAGTGACTCA	AATGATAC	longread_umi
barcode67	lu_pcr_i3_fw_v7	ATCACCAGGTGT	CAAGCAGA	lu_pcr_i6_rv_v7	ACCAGTGACTCA	AATGATAC	longread_umi
barcode68	lu_pcr_i4_fw_v7	TGGTCAACGATA	CAAGCAGA	lu_pcr_i6_rv_v7	ACCAGTGACTCA	AATGATAC	longread_umi
barcode69	lu_pcr_i5_fw_v7	ATCGCACAGTAA	CAAGCAGA	lu_pcr_i6_rv_v7	ACCAGTGACTCA	AATGATAC	longread_umi
barcode70	lu_pcr_i6_fw_v7	GTCGTGTAGCCT	CAAGCAGA	lu_pcr_i6_rv_v7	ACCAGTGACTCA	AATGATAC	longread_umi
barcode71	lu_pcr_i7_fw_v7	AGCGGAGGTTAG	CAAGCAGA	lu_pcr_i6_rv_v7	ACCAGTGACTCA	AATGATAC	longread_umi
barcode72	lu_pcr_i8_fw_v7	ATCCTTTGGTTC	CAAGCAGA	lu_pcr_i6_rv_v7	ACCAGTGACTCA	AATGATAC	longread_umi
barcode73	lu_pcr_i1_fw_v7	ACGAGACTGATT	CAAGCAGA	lu_pcr_i7_rv_v7	GAATACCAAGTC	AATGATAC	longread_umi
barcode74	lu_pcr_i2_fw_v7	GCTGTACGGATT	CAAGCAGA	lu_pcr_i7_rv_v7	GAATACCAAGTC	AATGATAC	longread_umi
barcode75	lu_pcr_i3_fw_v7	ATCACCAGGTGT	CAAGCAGA	lu_pcr_i7_rv_v7	GAATACCAAGTC	AATGATAC	longread_umi
barcode76	lu_pcr_i4_fw_v7	TGGTCAACGATA	CAAGCAGA	lu_pcr_i7_rv_v7	GAATACCAAGTC	AATGATAC	longread_umi
barcode77	lu_pcr_i5_fw_v7	ATCGCACAGTAA	CAAGCAGA	lu_pcr_i7_rv_v7	GAATACCAAGTC	AATGATAC	longread_umi
barcode78	lu_pcr_i6_fw_v7	GTCGTGTAGCCT	CAAGCAGA	lu_pcr_i7_rv_v7	GAATACCAAGTC	AATGATAC	longread_umi
barcode79	lu_pcr_i7_fw_v7	AGCGGAGGTTAG	CAAGCAGA	lu_pcr_i7_rv_v7	GAATACCAAGTC	AATGATAC	longread_umi
barcode80	lu_pcr_i8_fw_v7	ATCCTTTGGTTC	CAAGCAGA	lu_pcr_i7_rv_v7	GAATACCAAGTC	AATGATAC	longread_umi
barcode81	lu_pcr_i1_fw_v7	ACGAGACTGATT	CAAGCAGA	lu_pcr_i8_rv_v7	GTAGATCGTGTA	AATGATAC	longread_umi
barcode82	lu_pcr_i2_fw_v7	GCTGTACGGATT	CAAGCAGA	lu_pcr_i8_rv_v7	GTAGATCGTGTA	AATGATAC	longread_umi
barcode83	lu_pcr_i3_fw_v7	ATCACCAGGTGT	CAAGCAGA	lu_pcr_i8_rv_v7	GTAGATCGTGTA	AATGATAC	longread_umi
barcode84	lu_pcr_i4_fw_v7	TGGTCAACGATA	CAAGCAGA	lu_pcr_i8_rv_v7	GTAGATCGTGTA	AATGATAC	longread_umi
barcode85	lu_pcr_i5_fw_v7	ATCGCACAGTAA	CAAGCAGA	lu_pcr_i8_rv_v7	GTAGATCGTGTA	AATGATAC	longread_umi
barcode86	lu_pcr_i6_fw_v7	GTCGTGTAGCCT	CAAGCAGA	lu_pcr_i8_rv_v7	GTAGATCGTGTA	AATGATAC	longread_umi
barcode87	lu_pcr_i7_fw_v7	AGCGGAGGTTAG	CAAGCAGA	lu_pcr_i8_rv_v7	GTAGATCGTGTA	AATGATAC	longread_umi
barcode88	lu_pcr_i8_fw_v7	ATCCTTTGGTTC	CAAGCAGA	lu_pcr_i8_rv_v7	GTAGATCGTGTA	AATGATAC	longread_umi
barcode89	lu_pcr_i1_fw_v7	ACGAGACTGATT	CAAGCAGA	lu_pcr_i9_rv_v7	TAACGTGTGTGC	AATGATAC	longread_umi
barcode90	lu_pcr_i2_fw_v7	GCTGTACGGATT	CAAGCAGA	lu_pcr_i9_rv_v7	TAACGTGTGTGC	AATGATAC	longread_umi
barcode91	lu_pcr_i3_fw_v7	ATCACCAGGTGT	CAAGCAGA	lu_pcr_i9_rv_v7	TAACGTGTGTGC	AATGATAC	longread_umi
barcode92	lu_pcr_i4_fw_v7	TGGTCAACGATA	CAAGCAGA	lu_pcr_i9_rv_v7	TAACGTGTGTGC	AATGATAC	longread_umi
barcode93	lu_pcr_i5_fw_v7	ATCGCACAGTAA	CAAGCAGA	lu_pcr_i9_rv_v7	TAACGTGTGTGC	AATGATAC	longread_umi
barcode94	lu_pcr_i6_fw_v7	GTCGTGTAGCCT	CAAGCAGA	lu_pcr_i9_rv_v7	TAACGTGTGTGC	AATGATAC	longread_umi
barcode95	lu_pcr_i7_fw_v7	AGCGGAGGTTAG	CAAGCAGA	lu_pcr_i9_rv_v7	TAACGTGTGTGC	AATGATAC	longread_umi
barcode96	lu_pcr_i8_fw_v7	ATCCTTTGGTTC	CAAGCAGA	lu_pcr_i9_rv_v7	TAACGTGTGTGC	AATGATAC	longread_umi
barcode97	lu_pcr_i1_fw_v7	ACGAGACTGATT	CAAGCAGA	lu_pcr_i10_rv_v7	CATTATGGCGTG	AATGATAC	longread_umi
barcode98	lu_pcr_i2_fw_v7	GCTGTACGGATT	CAAGCAGA	lu_pcr_i10_rv_v7	CATTATGGCGTG	AATGATAC	longread_umi
barcode99	lu_pcr_i3_fw_v7	ATCACCAGGTGT	CAAGCAGA	lu_pcr_i10_rv_v7	CATTATGGCGTG	AATGATAC	longread_umi
barcode100	lu_pcr_i4_fw_v7	TGGTCAACGATA	CAAGCAGA	lu_pcr_i10_rv_v7	CATTATGGCGTG	AATGATAC	longread_umi
barcode101	lu_pcr_i5_fw_v7	ATCGCACAGTAA	CAAGCAGA	lu_pcr_i10_rv_v7	CATTATGGCGTG	AATGATAC	longread_umi
barcode102	lu_pcr_i6_fw_v7	GTCGTGTAGCCT	CAAGCAGA	lu_pcr_i10_rv_v7	CATTATGGCGTG	AATGATAC	longread_umi
barcode103	lu_pcr_i7_fw_v7	AGCGGAGGTTAG	CAAGCAGA	lu_pcr_i10_rv_v7	CATTATGGCGTG	AATGATAC	longread_umi
barcode104	lu_pcr_i8_fw_v7	ATCCTTTGGTTC	CAAGCAGA	lu_pcr_i10_rv_v7	CATTATGGCGTG	AATGATAC	longread_umi
barcode105	lu_pcr_i1_fw_v7	ACGAGACTGATT	CAAGCAGA	lu_pcr_i11_rv_v7	CCAATACGCCTG	AATGATAC	longread_umi
barcode106	lu_pcr_i2_fw_v7	GCTGTACGGATT	CAAGCAGA	lu_pcr_i11_rv_v7	CCAATACGCCTG	AATGATAC	longread_umi
barcode107	lu_pcr_i3_fw_v7	ATCACCAGGTGT	CAAGCAGA	lu_pcr_i11_rv_v7	CCAATACGCCTG	AATGATAC	longread_umi
barcode108	lu_pcr_i4_fw_v7	TGGTCAACGATA	CAAGCAGA	lu_pcr_i11_rv_v7	CCAATACGCCTG	AATGATAC	longread_umi
barcode109	lu_pcr_i5_fw_v7	ATCGCACAGTAA	CAAGCAGA	lu_pcr_i11_rv_v7	CCAATACGCCTG	AATGATAC	longread_umi
barcode110	lu_pcr_i6_fw_v7	GTCGTGTAGCCT	CAAGCAGA	lu_pcr_i11_rv_v7	CCAATACGCCTG	AATGATAC	longread_umi
barcode111	lu_pcr_i7_fw_v7	AGCGGAGGTTAG	CAAGCAGA	lu_pcr_i11_rv_v7	CCAATACGCCTG	AATGATAC	longread_umi
barcode112	lu_pcr_i8_fw_v7	ATCCTTTGGTTC	CAAGCAGA	lu_pcr_i11_rv_v7	CCAATACGCCTG	AATGATAC	longread_umi
barcode113	lu_pcr_i1_fw_v7	ACGAGACTGATT	CAAGCAGA	lu_pcr_i12_rv_v7	GATCTGCGATCC	AATGATAC	longread_umi
barcode114	lu_pcr_i2_fw_v7	GCTGTACGGATT	CAAGCAGA	lu_pcr_i12_rv_v7	GATCTGCGATCC	AATGATAC	longread_umi
barcode115	lu_pcr_i3_fw_v7	ATCACCAGGTGT	CAAGCAGA	lu_pcr_i12_rv_v7	GATCTGCGATCC	AATGATAC	longread_umi
barcode116	lu_pcr_i4_fw_v7	TGGTCAACGATA	CAAGCAGA	lu_pcr_i12_rv_v7	GATCTGCGATCC	AATGATAC	longread_umi
barcode117	lu_pcr_i5_fw_v7	ATCGCACAGTAA	CAAGCAGA	lu_pcr_i12_rv_v7	GATCTGCGATCC	AATGATAC	longread_umi
barcode118	lu_pcr_i6_fw_v7	GTCGTGTAGCCT	CAAGCAGA	lu_pcr_i12_rv_v7	GATCTGCGATCC	AATGATAC	longread_umi
barcode119	lu_pcr_i7_fw_v7	AGCGGAGGTTAG	CAAGCAGA	lu_pcr_i12_rv_v7	GATCTGCGATCC	AATGATAC	longread_umi
barcode120	lu_pcr_i8_fw_v7	ATCCTTTGGTTC	CAAGCAGA	lu_pcr_i12_rv_v7	GATCTGCGATCC	AATGATAC	longread_umi
